benchmark,operation,mata-runtime,mona-runtime
../benchmarks/non-incremental-QF_SLIA-20230403-webapp/composition/pair/non-incremental-QF_SLIA-20230403-webapp-lan-rep-all-lan_replace_all101-smt2_3.mata,composition,1544985,9566
../benchmarks/non-incremental-QF_SLIA-20230403-webapp/composition/pair/non-incremental-QF_SLIA-20230403-webapp-lan-rep-all-lan_replace_all101-smt2_3.mata,composition,1552636,12828
../benchmarks/non-incremental-QF_SLIA-20230403-webapp/composition/pair/non-incremental-QF_SLIA-20230403-webapp-lan-rep-all-lan_replace_all101-smt2_3.mata,composition,1588031,9634
../benchmarks/non-incremental-QF_SLIA-20230403-webapp/composition/pair/non-incremental-QF_SLIA-20230403-webapp-lan-rep-lan_replace101-smt2_0.mata,composition,32686,1218
../benchmarks/non-incremental-QF_SLIA-20230403-webapp/composition/pair/non-incremental-QF_SLIA-20230403-webapp-lan-rep-lan_replace101-smt2_0.mata,composition,35266,1230
../benchmarks/non-incremental-QF_SLIA-20230403-webapp/composition/pair/non-incremental-QF_SLIA-20230403-webapp-lan-rep-lan_replace101-smt2_0.mata,composition,32838,1214
../benchmarks/non-incremental-QF_SLIA-20230403-webapp/composition/pair/non-incremental-QF_SLIA-20230403-webapp-str-rep-all-str_replace_all0-smt2_1.mata,composition,860,266
../benchmarks/non-incremental-QF_SLIA-20230403-webapp/composition/pair/non-incremental-QF_SLIA-20230403-webapp-str-rep-all-str_replace_all0-smt2_1.mata,composition,860,290
../benchmarks/non-incremental-QF_SLIA-20230403-webapp/composition/pair/non-incremental-QF_SLIA-20230403-webapp-str-rep-all-str_replace_all0-smt2_1.mata,composition,728,289
../benchmarks/non-incremental-QF_SLIA-20230403-webapp/composition/pair/non-incremental-QF_SLIA-20230403-webapp-lan-rep-all-lan_replace_all101-smt2_2.mata,composition,27935,1277
../benchmarks/non-incremental-QF_SLIA-20230403-webapp/composition/pair/non-incremental-QF_SLIA-20230403-webapp-lan-rep-all-lan_replace_all101-smt2_2.mata,composition,26036,1321
../benchmarks/non-incremental-QF_SLIA-20230403-webapp/composition/pair/non-incremental-QF_SLIA-20230403-webapp-lan-rep-all-lan_replace_all101-smt2_2.mata,composition,26410,1429
../benchmarks/non-incremental-QF_SLIA-20230403-webapp/composition/pair/non-incremental-QF_SLIA-20230403-webapp-lan-rep-lan_replace101-smt2_1.mata,composition,33694,1487
../benchmarks/non-incremental-QF_SLIA-20230403-webapp/composition/pair/non-incremental-QF_SLIA-20230403-webapp-lan-rep-lan_replace101-smt2_1.mata,composition,32769,1721
../benchmarks/non-incremental-QF_SLIA-20230403-webapp/composition/pair/non-incremental-QF_SLIA-20230403-webapp-lan-rep-lan_replace101-smt2_1.mata,composition,32262,1484
../benchmarks/non-incremental-QF_SLIA-20230403-webapp/composition/pair/non-incremental-QF_SLIA-20230403-webapp-str-rep-all-str_replace_all6-smt2_1.mata,composition,589,221
../benchmarks/non-incremental-QF_SLIA-20230403-webapp/composition/pair/non-incremental-QF_SLIA-20230403-webapp-str-rep-all-str_replace_all6-smt2_1.mata,composition,616,199
../benchmarks/non-incremental-QF_SLIA-20230403-webapp/composition/pair/non-incremental-QF_SLIA-20230403-webapp-str-rep-all-str_replace_all6-smt2_1.mata,composition,709,186
../benchmarks/non-incremental-QF_SLIA-20230403-webapp/composition/pair/non-incremental-QF_SLIA-20230403-webapp-lan-rep-all-lan_replace_all11-smt2_3.mata,composition,1793467,11151
../benchmarks/non-incremental-QF_SLIA-20230403-webapp/composition/pair/non-incremental-QF_SLIA-20230403-webapp-lan-rep-all-lan_replace_all11-smt2_3.mata,composition,1862603,10303
../benchmarks/non-incremental-QF_SLIA-20230403-webapp/composition/pair/non-incremental-QF_SLIA-20230403-webapp-lan-rep-all-lan_replace_all11-smt2_3.mata,composition,1906091,13474
../benchmarks/non-incremental-QF_SLIA-20230403-webapp/composition/pair/non-incremental-QF_SLIA-20230403-webapp-lan-rep-all-lan_replace_all101-smt2_reverse_3.mata,composition,1597909,9462
../benchmarks/non-incremental-QF_SLIA-20230403-webapp/composition/pair/non-incremental-QF_SLIA-20230403-webapp-lan-rep-all-lan_replace_all101-smt2_reverse_3.mata,composition,1621218,10596
../benchmarks/non-incremental-QF_SLIA-20230403-webapp/composition/pair/non-incremental-QF_SLIA-20230403-webapp-lan-rep-all-lan_replace_all101-smt2_reverse_3.mata,composition,1604502,8084
../benchmarks/non-incremental-QF_SLIA-20230403-webapp/composition/pair/non-incremental-QF_SLIA-20230403-webapp-str-rep-all-str_replace_all23-smt2_0.mata,composition,30880,1432
../benchmarks/non-incremental-QF_SLIA-20230403-webapp/composition/pair/non-incremental-QF_SLIA-20230403-webapp-str-rep-all-str_replace_all23-smt2_0.mata,composition,31671,1347
../benchmarks/non-incremental-QF_SLIA-20230403-webapp/composition/pair/non-incremental-QF_SLIA-20230403-webapp-str-rep-all-str_replace_all23-smt2_0.mata,composition,31167,1236
../benchmarks/non-incremental-QF_SLIA-20230403-webapp/composition/pair/non-incremental-QF_SLIA-20230403-webapp-str-rep-all-str_replace_all216-smt2_0.mata,composition,795,278
../benchmarks/non-incremental-QF_SLIA-20230403-webapp/composition/pair/non-incremental-QF_SLIA-20230403-webapp-str-rep-all-str_replace_all216-smt2_0.mata,composition,834,279
../benchmarks/non-incremental-QF_SLIA-20230403-webapp/composition/pair/non-incremental-QF_SLIA-20230403-webapp-str-rep-all-str_replace_all216-smt2_0.mata,composition,808,282
../benchmarks/non-incremental-QF_SLIA-20230403-webapp/composition/pair/non-incremental-QF_SLIA-20230403-webapp-str-rep-all-str_replace_all223-smt2_2.mata,composition,1021,360
../benchmarks/non-incremental-QF_SLIA-20230403-webapp/composition/pair/non-incremental-QF_SLIA-20230403-webapp-str-rep-all-str_replace_all223-smt2_2.mata,composition,1004,326
../benchmarks/non-incremental-QF_SLIA-20230403-webapp/composition/pair/non-incremental-QF_SLIA-20230403-webapp-str-rep-all-str_replace_all223-smt2_2.mata,composition,1092,312
../benchmarks/non-incremental-QF_SLIA-20230403-webapp/composition/pair/non-incremental-QF_SLIA-20230403-webapp-lan-rep-lan_replace80-smt2_3.mata,composition,424708,12661
../benchmarks/non-incremental-QF_SLIA-20230403-webapp/composition/pair/non-incremental-QF_SLIA-20230403-webapp-lan-rep-lan_replace80-smt2_3.mata,composition,406684,10968
../benchmarks/non-incremental-QF_SLIA-20230403-webapp/composition/pair/non-incremental-QF_SLIA-20230403-webapp-lan-rep-lan_replace80-smt2_3.mata,composition,403275,10079
../benchmarks/non-incremental-QF_SLIA-20230403-webapp/composition/pair/non-incremental-QF_SLIA-20230403-webapp-str-rep-all-str_replace_all216-smt2_1.mata,composition,964,258
../benchmarks/non-incremental-QF_SLIA-20230403-webapp/composition/pair/non-incremental-QF_SLIA-20230403-webapp-str-rep-all-str_replace_all216-smt2_1.mata,composition,944,321
../benchmarks/non-incremental-QF_SLIA-20230403-webapp/composition/pair/non-incremental-QF_SLIA-20230403-webapp-str-rep-all-str_replace_all216-smt2_1.mata,composition,884,258
../benchmarks/non-incremental-QF_SLIA-20230403-webapp/composition/pair/non-incremental-QF_SLIA-20230403-webapp-lan-rep-lan_replace26-smt2_2.mata,composition,153374,6133
../benchmarks/non-incremental-QF_SLIA-20230403-webapp/composition/pair/non-incremental-QF_SLIA-20230403-webapp-lan-rep-lan_replace26-smt2_2.mata,composition,168392,8675
../benchmarks/non-incremental-QF_SLIA-20230403-webapp/composition/pair/non-incremental-QF_SLIA-20230403-webapp-lan-rep-lan_replace26-smt2_2.mata,composition,169559,11823
../benchmarks/non-incremental-QF_SLIA-20230403-webapp/composition/pair/non-incremental-QF_SLIA-20230403-webapp-lan-rep-lan_replace11-smt2_2.mata,composition,38934,1279
../benchmarks/non-incremental-QF_SLIA-20230403-webapp/composition/pair/non-incremental-QF_SLIA-20230403-webapp-lan-rep-lan_replace11-smt2_2.mata,composition,37494,1414
../benchmarks/non-incremental-QF_SLIA-20230403-webapp/composition/pair/non-incremental-QF_SLIA-20230403-webapp-lan-rep-lan_replace11-smt2_2.mata,composition,36812,1295
../benchmarks/non-incremental-QF_SLIA-20230403-webapp/composition/pair/non-incremental-QF_SLIA-20230403-webapp-lan-rep-all-lan_replace_all35-smt2_3.mata,composition,4505666,23562
../benchmarks/non-incremental-QF_SLIA-20230403-webapp/composition/pair/non-incremental-QF_SLIA-20230403-webapp-lan-rep-all-lan_replace_all35-smt2_3.mata,composition,4651077,21324
../benchmarks/non-incremental-QF_SLIA-20230403-webapp/composition/pair/non-incremental-QF_SLIA-20230403-webapp-lan-rep-all-lan_replace_all35-smt2_3.mata,composition,4507728,16084
../benchmarks/non-incremental-QF_SLIA-20230403-webapp/composition/pair/non-incremental-QF_SLIA-20230403-webapp-lan-rep-all-lan_replace_all11-smt2_2.mata,composition,18565,1303
../benchmarks/non-incremental-QF_SLIA-20230403-webapp/composition/pair/non-incremental-QF_SLIA-20230403-webapp-lan-rep-all-lan_replace_all11-smt2_2.mata,composition,29945,1241
../benchmarks/non-incremental-QF_SLIA-20230403-webapp/composition/pair/non-incremental-QF_SLIA-20230403-webapp-lan-rep-all-lan_replace_all11-smt2_2.mata,composition,29819,1240
../benchmarks/non-incremental-QF_SLIA-20230403-webapp/composition/pair/non-incremental-QF_SLIA-20230403-webapp-str-rep-str_replace221-smt2_reverse_3.mata,composition,6609923,59548
../benchmarks/non-incremental-QF_SLIA-20230403-webapp/composition/pair/non-incremental-QF_SLIA-20230403-webapp-str-rep-str_replace221-smt2_reverse_3.mata,composition,6900009,43204
../benchmarks/non-incremental-QF_SLIA-20230403-webapp/composition/pair/non-incremental-QF_SLIA-20230403-webapp-str-rep-str_replace221-smt2_reverse_3.mata,composition,6812140,86050
../benchmarks/non-incremental-QF_SLIA-20230403-webapp/composition/pair/non-incremental-QF_SLIA-20230403-webapp-lan-rep-lan_replace80-smt2_1.mata,composition,10811,509
../benchmarks/non-incremental-QF_SLIA-20230403-webapp/composition/pair/non-incremental-QF_SLIA-20230403-webapp-lan-rep-lan_replace80-smt2_1.mata,composition,10646,442
../benchmarks/non-incremental-QF_SLIA-20230403-webapp/composition/pair/non-incremental-QF_SLIA-20230403-webapp-lan-rep-lan_replace80-smt2_1.mata,composition,9747,461
../benchmarks/non-incremental-QF_SLIA-20230403-webapp/composition/pair/non-incremental-QF_SLIA-20230403-webapp-lan-rep-lan_replace101-smt2_reverse_3.mata,composition,1876458
../benchmarks/non-incremental-QF_SLIA-20230403-webapp/composition/pair/non-incremental-QF_SLIA-20230403-webapp-lan-rep-lan_replace101-smt2_reverse_3.mata,composition,2092030
../benchmarks/non-incremental-QF_SLIA-20230403-webapp/composition/pair/non-incremental-QF_SLIA-20230403-webapp-lan-rep-lan_replace101-smt2_reverse_3.mata,composition,1999733
../benchmarks/non-incremental-QF_SLIA-20230403-webapp/composition/pair/non-incremental-QF_SLIA-20230403-webapp-str-rep-all-str_replace_all18-smt2_0.mata,composition,756,199
../benchmarks/non-incremental-QF_SLIA-20230403-webapp/composition/pair/non-incremental-QF_SLIA-20230403-webapp-str-rep-all-str_replace_all18-smt2_0.mata,composition,726,201
../benchmarks/non-incremental-QF_SLIA-20230403-webapp/composition/pair/non-incremental-QF_SLIA-20230403-webapp-str-rep-all-str_replace_all18-smt2_0.mata,composition,717,201
../benchmarks/non-incremental-QF_SLIA-20230403-webapp/composition/pair/non-incremental-QF_SLIA-20230403-webapp-lan-rep-all-lan_replace_all26-smt2_0.mata,composition,123761,6021
../benchmarks/non-incremental-QF_SLIA-20230403-webapp/composition/pair/non-incremental-QF_SLIA-20230403-webapp-lan-rep-all-lan_replace_all26-smt2_0.mata,composition,123830,4797
../benchmarks/non-incremental-QF_SLIA-20230403-webapp/composition/pair/non-incremental-QF_SLIA-20230403-webapp-lan-rep-all-lan_replace_all26-smt2_0.mata,composition,126820,6252
../benchmarks/non-incremental-QF_SLIA-20230403-webapp/composition/pair/non-incremental-QF_SLIA-20230403-webapp-lan-rep-all-lan_replace_all35-smt2_reverse_3.mata,composition,4529583,22434
../benchmarks/non-incremental-QF_SLIA-20230403-webapp/composition/pair/non-incremental-QF_SLIA-20230403-webapp-lan-rep-all-lan_replace_all35-smt2_reverse_3.mata,composition,4472351,20194
../benchmarks/non-incremental-QF_SLIA-20230403-webapp/composition/pair/non-incremental-QF_SLIA-20230403-webapp-lan-rep-all-lan_replace_all35-smt2_reverse_3.mata,composition,4441481,31018
../benchmarks/non-incremental-QF_SLIA-20230403-webapp/composition/pair/non-incremental-QF_SLIA-20230403-webapp-str-rep-str_replace25-smt2_0.mata,composition,22361,1243
../benchmarks/non-incremental-QF_SLIA-20230403-webapp/composition/pair/non-incremental-QF_SLIA-20230403-webapp-str-rep-str_replace25-smt2_0.mata,composition,24483,1447
../benchmarks/non-incremental-QF_SLIA-20230403-webapp/composition/pair/non-incremental-QF_SLIA-20230403-webapp-str-rep-str_replace25-smt2_0.mata,composition,27560,1460
../benchmarks/non-incremental-QF_SLIA-20230403-webapp/composition/pair/non-incremental-QF_SLIA-20230403-webapp-lan-rep-all-lan_replace_all63-smt2_3.mata,composition,12982610,123362
../benchmarks/non-incremental-QF_SLIA-20230403-webapp/composition/pair/non-incremental-QF_SLIA-20230403-webapp-lan-rep-all-lan_replace_all63-smt2_3.mata,composition,13226479,107436
../benchmarks/non-incremental-QF_SLIA-20230403-webapp/composition/pair/non-incremental-QF_SLIA-20230403-webapp-lan-rep-all-lan_replace_all63-smt2_3.mata,composition,12983518,66306
../benchmarks/non-incremental-QF_SLIA-20230403-webapp/composition/pair/non-incremental-QF_SLIA-20230403-webapp-str-rep-all-str_replace_all143-smt2_1.mata,composition,589,242
../benchmarks/non-incremental-QF_SLIA-20230403-webapp/composition/pair/non-incremental-QF_SLIA-20230403-webapp-str-rep-all-str_replace_all143-smt2_1.mata,composition,609,206
../benchmarks/non-incremental-QF_SLIA-20230403-webapp/composition/pair/non-incremental-QF_SLIA-20230403-webapp-str-rep-all-str_replace_all143-smt2_1.mata,composition,571,220
../benchmarks/non-incremental-QF_SLIA-20230403-webapp/composition/pair/non-incremental-QF_SLIA-20230403-webapp-lan-rep-lan_replace77-smt2_1.mata,composition,4832,335
../benchmarks/non-incremental-QF_SLIA-20230403-webapp/composition/pair/non-incremental-QF_SLIA-20230403-webapp-lan-rep-lan_replace77-smt2_1.mata,composition,4833,332
../benchmarks/non-incremental-QF_SLIA-20230403-webapp/composition/pair/non-incremental-QF_SLIA-20230403-webapp-lan-rep-lan_replace77-smt2_1.mata,composition,5059,324
../benchmarks/non-incremental-QF_SLIA-20230403-webapp/composition/pair/non-incremental-QF_SLIA-20230403-webapp-lan-rep-lan_replace77-smt2_2.mata,composition,4974,387
../benchmarks/non-incremental-QF_SLIA-20230403-webapp/composition/pair/non-incremental-QF_SLIA-20230403-webapp-lan-rep-lan_replace77-smt2_2.mata,composition,5076,361
../benchmarks/non-incremental-QF_SLIA-20230403-webapp/composition/pair/non-incremental-QF_SLIA-20230403-webapp-lan-rep-lan_replace77-smt2_2.mata,composition,5243,359
../benchmarks/non-incremental-QF_SLIA-20230403-webapp/composition/pair/non-incremental-QF_SLIA-20230403-webapp-lan-rep-all-lan_replace_all11-smt2_reverse_3.mata,composition,1868305,10288
../benchmarks/non-incremental-QF_SLIA-20230403-webapp/composition/pair/non-incremental-QF_SLIA-20230403-webapp-lan-rep-all-lan_replace_all11-smt2_reverse_3.mata,composition,1930018,10382
../benchmarks/non-incremental-QF_SLIA-20230403-webapp/composition/pair/non-incremental-QF_SLIA-20230403-webapp-lan-rep-all-lan_replace_all11-smt2_reverse_3.mata,composition,1814872,10090
../benchmarks/non-incremental-QF_SLIA-20230403-webapp/composition/pair/non-incremental-QF_SLIA-20230403-webapp-lan-rep-all-lan_replace_all77-smt2_0.mata,composition,4579,303
../benchmarks/non-incremental-QF_SLIA-20230403-webapp/composition/pair/non-incremental-QF_SLIA-20230403-webapp-lan-rep-all-lan_replace_all77-smt2_0.mata,composition,4459,342
../benchmarks/non-incremental-QF_SLIA-20230403-webapp/composition/pair/non-incremental-QF_SLIA-20230403-webapp-lan-rep-all-lan_replace_all77-smt2_0.mata,composition,4933,400
../benchmarks/non-incremental-QF_SLIA-20230403-webapp/composition/pair/non-incremental-QF_SLIA-20230403-webapp-lan-rep-all-lan_replace_all26-smt2_reverse_3.mata,composition,10175861,73092
../benchmarks/non-incremental-QF_SLIA-20230403-webapp/composition/pair/non-incremental-QF_SLIA-20230403-webapp-lan-rep-all-lan_replace_all26-smt2_reverse_3.mata,composition,10310614,72031
../benchmarks/non-incremental-QF_SLIA-20230403-webapp/composition/pair/non-incremental-QF_SLIA-20230403-webapp-lan-rep-all-lan_replace_all26-smt2_reverse_3.mata,composition,9895440,69541
../benchmarks/non-incremental-QF_SLIA-20230403-webapp/composition/pair/non-incremental-QF_SLIA-20230403-webapp-lan-rep-lan_replace26-smt2_1.mata,composition,154770,6405
../benchmarks/non-incremental-QF_SLIA-20230403-webapp/composition/pair/non-incremental-QF_SLIA-20230403-webapp-lan-rep-lan_replace26-smt2_1.mata,composition,161667,6543
../benchmarks/non-incremental-QF_SLIA-20230403-webapp/composition/pair/non-incremental-QF_SLIA-20230403-webapp-lan-rep-lan_replace26-smt2_1.mata,composition,161112,7037
../benchmarks/non-incremental-QF_SLIA-20230403-webapp/composition/pair/non-incremental-QF_SLIA-20230403-webapp-str-rep-all-str_replace_all143-smt2_3.mata,composition,726,312
../benchmarks/non-incremental-QF_SLIA-20230403-webapp/composition/pair/non-incremental-QF_SLIA-20230403-webapp-str-rep-all-str_replace_all143-smt2_3.mata,composition,703,340
../benchmarks/non-incremental-QF_SLIA-20230403-webapp/composition/pair/non-incremental-QF_SLIA-20230403-webapp-str-rep-all-str_replace_all143-smt2_3.mata,composition,742,326
../benchmarks/non-incremental-QF_SLIA-20230403-webapp/composition/pair/non-incremental-QF_SLIA-20230403-webapp-lan-rep-all-lan_replace_all63-smt2_reverse_3.mata,composition,13551133,111918
../benchmarks/non-incremental-QF_SLIA-20230403-webapp/composition/pair/non-incremental-QF_SLIA-20230403-webapp-lan-rep-all-lan_replace_all63-smt2_reverse_3.mata,composition,13475996,90534
../benchmarks/non-incremental-QF_SLIA-20230403-webapp/composition/pair/non-incremental-QF_SLIA-20230403-webapp-lan-rep-all-lan_replace_all63-smt2_reverse_3.mata,composition,13463685,59985
../benchmarks/non-incremental-QF_SLIA-20230403-webapp/composition/pair/non-incremental-QF_SLIA-20230403-webapp-str-rep-all-str_replace_all223-smt2_1.mata,composition,957,297
../benchmarks/non-incremental-QF_SLIA-20230403-webapp/composition/pair/non-incremental-QF_SLIA-20230403-webapp-str-rep-all-str_replace_all223-smt2_1.mata,composition,967,301
../benchmarks/non-incremental-QF_SLIA-20230403-webapp/composition/pair/non-incremental-QF_SLIA-20230403-webapp-str-rep-all-str_replace_all223-smt2_1.mata,composition,956,299
../benchmarks/non-incremental-QF_SLIA-20230403-webapp/composition/pair/non-incremental-QF_SLIA-20230403-webapp-lan-rep-lan_replace26-smt2_reverse_3.mata,composition,12262580
../benchmarks/non-incremental-QF_SLIA-20230403-webapp/composition/pair/non-incremental-QF_SLIA-20230403-webapp-lan-rep-lan_replace26-smt2_reverse_3.mata,composition,12790483
../benchmarks/non-incremental-QF_SLIA-20230403-webapp/composition/pair/non-incremental-QF_SLIA-20230403-webapp-lan-rep-lan_replace26-smt2_reverse_3.mata,composition,12721242
../benchmarks/non-incremental-QF_SLIA-20230403-webapp/composition/pair/non-incremental-QF_SLIA-20230403-webapp-lan-rep-all-lan_replace_all77-smt2_1.mata,composition,4649,315
../benchmarks/non-incremental-QF_SLIA-20230403-webapp/composition/pair/non-incremental-QF_SLIA-20230403-webapp-lan-rep-all-lan_replace_all77-smt2_1.mata,composition,4079,275
../benchmarks/non-incremental-QF_SLIA-20230403-webapp/composition/pair/non-incremental-QF_SLIA-20230403-webapp-lan-rep-all-lan_replace_all77-smt2_1.mata,composition,4090,298
../benchmarks/non-incremental-QF_SLIA-20230403-webapp/composition/pair/non-incremental-QF_SLIA-20230403-webapp-lan-rep-all-lan_replace_all77-smt2_2.mata,composition,4318,356
../benchmarks/non-incremental-QF_SLIA-20230403-webapp/composition/pair/non-incremental-QF_SLIA-20230403-webapp-lan-rep-all-lan_replace_all77-smt2_2.mata,composition,4616,327
../benchmarks/non-incremental-QF_SLIA-20230403-webapp/composition/pair/non-incremental-QF_SLIA-20230403-webapp-lan-rep-all-lan_replace_all77-smt2_2.mata,composition,4237,340
../benchmarks/non-incremental-QF_SLIA-20230403-webapp/composition/pair/non-incremental-QF_SLIA-20230403-webapp-lan-rep-lan_replace63-smt2_2.mata,composition,208338,5417
../benchmarks/non-incremental-QF_SLIA-20230403-webapp/composition/pair/non-incremental-QF_SLIA-20230403-webapp-lan-rep-lan_replace63-smt2_2.mata,composition,235229,10009
../benchmarks/non-incremental-QF_SLIA-20230403-webapp/composition/pair/non-incremental-QF_SLIA-20230403-webapp-lan-rep-lan_replace63-smt2_2.mata,composition,208180,6299
../benchmarks/non-incremental-QF_SLIA-20230403-webapp/composition/pair/non-incremental-QF_SLIA-20230403-webapp-str-rep-all-str_replace_all12-smt2_0.mata,composition,1111,311
../benchmarks/non-incremental-QF_SLIA-20230403-webapp/composition/pair/non-incremental-QF_SLIA-20230403-webapp-str-rep-all-str_replace_all12-smt2_0.mata,composition,698,284
../benchmarks/non-incremental-QF_SLIA-20230403-webapp/composition/pair/non-incremental-QF_SLIA-20230403-webapp-str-rep-all-str_replace_all12-smt2_0.mata,composition,1022,286
../benchmarks/non-incremental-QF_SLIA-20230403-webapp/composition/pair/non-incremental-QF_SLIA-20230403-webapp-lan-rep-lan_replace77-smt2_3.mata,composition,164743,8605
../benchmarks/non-incremental-QF_SLIA-20230403-webapp/composition/pair/non-incremental-QF_SLIA-20230403-webapp-lan-rep-lan_replace77-smt2_3.mata,composition,168324,9104
../benchmarks/non-incremental-QF_SLIA-20230403-webapp/composition/pair/non-incremental-QF_SLIA-20230403-webapp-lan-rep-lan_replace77-smt2_3.mata,composition,169419,13224
../benchmarks/non-incremental-QF_SLIA-20230403-webapp/composition/pair/non-incremental-QF_SLIA-20230403-webapp-lan-rep-lan_replace54-smt2_1.mata,composition,36458,1397
../benchmarks/non-incremental-QF_SLIA-20230403-webapp/composition/pair/non-incremental-QF_SLIA-20230403-webapp-lan-rep-lan_replace54-smt2_1.mata,composition,36385,1618
../benchmarks/non-incremental-QF_SLIA-20230403-webapp/composition/pair/non-incremental-QF_SLIA-20230403-webapp-lan-rep-lan_replace54-smt2_1.mata,composition,36988,1932
../benchmarks/non-incremental-QF_SLIA-20230403-webapp/composition/pair/non-incremental-QF_SLIA-20230403-webapp-lan-rep-lan_replace35-smt2_reverse_3.mata,composition,5522572,50929
../benchmarks/non-incremental-QF_SLIA-20230403-webapp/composition/pair/non-incremental-QF_SLIA-20230403-webapp-lan-rep-lan_replace35-smt2_reverse_3.mata,composition,5628188,45846
../benchmarks/non-incremental-QF_SLIA-20230403-webapp/composition/pair/non-incremental-QF_SLIA-20230403-webapp-lan-rep-lan_replace35-smt2_reverse_3.mata,composition,5635865,56737
../benchmarks/non-incremental-QF_SLIA-20230403-webapp/composition/pair/non-incremental-QF_SLIA-20230403-webapp-str-rep-all-str_replace_all12-smt2_3.mata,composition,1232,512
../benchmarks/non-incremental-QF_SLIA-20230403-webapp/composition/pair/non-incremental-QF_SLIA-20230403-webapp-str-rep-all-str_replace_all12-smt2_3.mata,composition,1432,482
../benchmarks/non-incremental-QF_SLIA-20230403-webapp/composition/pair/non-incremental-QF_SLIA-20230403-webapp-str-rep-all-str_replace_all12-smt2_3.mata,composition,1478,462
../benchmarks/non-incremental-QF_SLIA-20230403-webapp/composition/pair/non-incremental-QF_SLIA-20230403-webapp-str-rep-all-str_replace_all22-smt2_0.mata,composition,16337,929
../benchmarks/non-incremental-QF_SLIA-20230403-webapp/composition/pair/non-incremental-QF_SLIA-20230403-webapp-str-rep-all-str_replace_all22-smt2_0.mata,composition,14978,1069
../benchmarks/non-incremental-QF_SLIA-20230403-webapp/composition/pair/non-incremental-QF_SLIA-20230403-webapp-str-rep-all-str_replace_all22-smt2_0.mata,composition,16725,1057
../benchmarks/non-incremental-QF_SLIA-20230403-webapp/composition/pair/non-incremental-QF_SLIA-20230403-webapp-lan-rep-all-lan_replace_all26-smt2_2.mata,composition,119521,4675
../benchmarks/non-incremental-QF_SLIA-20230403-webapp/composition/pair/non-incremental-QF_SLIA-20230403-webapp-lan-rep-all-lan_replace_all26-smt2_2.mata,composition,121871,4524
../benchmarks/non-incremental-QF_SLIA-20230403-webapp/composition/pair/non-incremental-QF_SLIA-20230403-webapp-lan-rep-all-lan_replace_all26-smt2_2.mata,composition,142113,6684
../benchmarks/non-incremental-QF_SLIA-20230403-webapp/composition/pair/non-incremental-QF_SLIA-20230403-webapp-lan-rep-lan_replace77-smt2_reverse_3.mata,composition,194422,7776
../benchmarks/non-incremental-QF_SLIA-20230403-webapp/composition/pair/non-incremental-QF_SLIA-20230403-webapp-lan-rep-lan_replace77-smt2_reverse_3.mata,composition,175761,7418
../benchmarks/non-incremental-QF_SLIA-20230403-webapp/composition/pair/non-incremental-QF_SLIA-20230403-webapp-lan-rep-lan_replace77-smt2_reverse_3.mata,composition,173465,7938
../benchmarks/non-incremental-QF_SLIA-20230403-webapp/composition/pair/non-incremental-QF_SLIA-20230403-webapp-lan-rep-lan_replace101-smt2_3.mata,composition,1965302
../benchmarks/non-incremental-QF_SLIA-20230403-webapp/composition/pair/non-incremental-QF_SLIA-20230403-webapp-lan-rep-lan_replace101-smt2_3.mata,composition,2027898
../benchmarks/non-incremental-QF_SLIA-20230403-webapp/composition/pair/non-incremental-QF_SLIA-20230403-webapp-lan-rep-lan_replace101-smt2_3.mata,composition,2018806
../benchmarks/non-incremental-QF_SLIA-20230403-webapp/composition/pair/non-incremental-QF_SLIA-20230403-webapp-str-rep-all-str_replace_all143-smt2_0.mata,composition,746,206
../benchmarks/non-incremental-QF_SLIA-20230403-webapp/composition/pair/non-incremental-QF_SLIA-20230403-webapp-str-rep-all-str_replace_all143-smt2_0.mata,composition,557,209
../benchmarks/non-incremental-QF_SLIA-20230403-webapp/composition/pair/non-incremental-QF_SLIA-20230403-webapp-str-rep-all-str_replace_all143-smt2_0.mata,composition,635,215
../benchmarks/non-incremental-QF_SLIA-20230403-webapp/composition/pair/non-incremental-QF_SLIA-20230403-webapp-lan-rep-lan_replace63-smt2_3.mata,composition,16499958,153961
../benchmarks/non-incremental-QF_SLIA-20230403-webapp/composition/pair/non-incremental-QF_SLIA-20230403-webapp-lan-rep-lan_replace63-smt2_3.mata,composition,16391710,129166
../benchmarks/non-incremental-QF_SLIA-20230403-webapp/composition/pair/non-incremental-QF_SLIA-20230403-webapp-lan-rep-lan_replace63-smt2_3.mata,composition,16840566,161035
../benchmarks/non-incremental-QF_SLIA-20230403-webapp/composition/pair/non-incremental-QF_SLIA-20230403-webapp-lan-rep-all-lan_replace_all26-smt2_3.mata,composition,9729753,75883
../benchmarks/non-incremental-QF_SLIA-20230403-webapp/composition/pair/non-incremental-QF_SLIA-20230403-webapp-lan-rep-all-lan_replace_all26-smt2_3.mata,composition,9896426,107394
../benchmarks/non-incremental-QF_SLIA-20230403-webapp/composition/pair/non-incremental-QF_SLIA-20230403-webapp-lan-rep-all-lan_replace_all26-smt2_3.mata,composition,9755650,109177
../benchmarks/non-incremental-QF_SLIA-20230403-webapp/composition/pair/non-incremental-QF_SLIA-20230403-webapp-lan-rep-all-lan_replace_all80-smt2_0.mata,composition,7822,506
../benchmarks/non-incremental-QF_SLIA-20230403-webapp/composition/pair/non-incremental-QF_SLIA-20230403-webapp-lan-rep-all-lan_replace_all80-smt2_0.mata,composition,7732,450
../benchmarks/non-incremental-QF_SLIA-20230403-webapp/composition/pair/non-incremental-QF_SLIA-20230403-webapp-lan-rep-all-lan_replace_all80-smt2_0.mata,composition,7614,527
../benchmarks/non-incremental-QF_SLIA-20230403-webapp/composition/pair/non-incremental-QF_SLIA-20230403-webapp-str-rep-all-str_replace_all221-smt2_0.mata,composition,70276,2845
../benchmarks/non-incremental-QF_SLIA-20230403-webapp/composition/pair/non-incremental-QF_SLIA-20230403-webapp-str-rep-all-str_replace_all221-smt2_0.mata,composition,71129,2757
../benchmarks/non-incremental-QF_SLIA-20230403-webapp/composition/pair/non-incremental-QF_SLIA-20230403-webapp-str-rep-all-str_replace_all221-smt2_0.mata,composition,74827,2845
../benchmarks/non-incremental-QF_SLIA-20230403-webapp/composition/pair/non-incremental-QF_SLIA-20230403-webapp-lan-rep-all-lan_replace_all54-smt2_3.mata,composition,1847285,11345
../benchmarks/non-incremental-QF_SLIA-20230403-webapp/composition/pair/non-incremental-QF_SLIA-20230403-webapp-lan-rep-all-lan_replace_all54-smt2_3.mata,composition,1829774,9044
../benchmarks/non-incremental-QF_SLIA-20230403-webapp/composition/pair/non-incremental-QF_SLIA-20230403-webapp-lan-rep-all-lan_replace_all54-smt2_3.mata,composition,1827190,13842
../benchmarks/non-incremental-QF_SLIA-20230403-webapp/composition/pair/non-incremental-QF_SLIA-20230403-webapp-lan-rep-lan_replace54-smt2_0.mata,composition,36197,1551
../benchmarks/non-incremental-QF_SLIA-20230403-webapp/composition/pair/non-incremental-QF_SLIA-20230403-webapp-lan-rep-lan_replace54-smt2_0.mata,composition,36367,1570
../benchmarks/non-incremental-QF_SLIA-20230403-webapp/composition/pair/non-incremental-QF_SLIA-20230403-webapp-lan-rep-lan_replace54-smt2_0.mata,composition,37097,1626
../benchmarks/non-incremental-QF_SLIA-20230403-webapp/composition/pair/non-incremental-QF_SLIA-20230403-webapp-lan-rep-lan_replace63-smt2_reverse_3.mata,composition,17299099,164923
../benchmarks/non-incremental-QF_SLIA-20230403-webapp/composition/pair/non-incremental-QF_SLIA-20230403-webapp-lan-rep-lan_replace63-smt2_reverse_3.mata,composition,11468848,78765
../benchmarks/non-incremental-QF_SLIA-20230403-webapp/composition/pair/non-incremental-QF_SLIA-20230403-webapp-lan-rep-lan_replace63-smt2_reverse_3.mata,composition,17187095,112821
../benchmarks/non-incremental-QF_SLIA-20230403-webapp/composition/pair/non-incremental-QF_SLIA-20230403-webapp-lan-rep-lan_replace63-smt2_1.mata,composition,195439,5279
../benchmarks/non-incremental-QF_SLIA-20230403-webapp/composition/pair/non-incremental-QF_SLIA-20230403-webapp-lan-rep-lan_replace63-smt2_1.mata,composition,212155,5172
../benchmarks/non-incremental-QF_SLIA-20230403-webapp/composition/pair/non-incremental-QF_SLIA-20230403-webapp-lan-rep-lan_replace63-smt2_1.mata,composition,203965,5718
../benchmarks/non-incremental-QF_SLIA-20230403-webapp/composition/pair/non-incremental-QF_SLIA-20230403-webapp-str-rep-all-str_replace_all230-smt2_3.mata,composition,728,335
../benchmarks/non-incremental-QF_SLIA-20230403-webapp/composition/pair/non-incremental-QF_SLIA-20230403-webapp-str-rep-all-str_replace_all230-smt2_3.mata,composition,475,302
../benchmarks/non-incremental-QF_SLIA-20230403-webapp/composition/pair/non-incremental-QF_SLIA-20230403-webapp-str-rep-all-str_replace_all230-smt2_3.mata,composition,746,303
../benchmarks/non-incremental-QF_SLIA-20230403-webapp/composition/pair/non-incremental-QF_SLIA-20230403-webapp-lan-rep-lan_replace11-smt2_0.mata,composition,35957,1396
../benchmarks/non-incremental-QF_SLIA-20230403-webapp/composition/pair/non-incremental-QF_SLIA-20230403-webapp-lan-rep-lan_replace11-smt2_0.mata,composition,35734,1324
../benchmarks/non-incremental-QF_SLIA-20230403-webapp/composition/pair/non-incremental-QF_SLIA-20230403-webapp-lan-rep-lan_replace11-smt2_0.mata,composition,34526,1298
../benchmarks/non-incremental-QF_SLIA-20230403-webapp/composition/pair/non-incremental-QF_SLIA-20230403-webapp-str-rep-all-str_replace_all6-smt2_0.mata,composition,583,232
../benchmarks/non-incremental-QF_SLIA-20230403-webapp/composition/pair/non-incremental-QF_SLIA-20230403-webapp-str-rep-all-str_replace_all6-smt2_0.mata,composition,559,208
../benchmarks/non-incremental-QF_SLIA-20230403-webapp/composition/pair/non-incremental-QF_SLIA-20230403-webapp-str-rep-all-str_replace_all6-smt2_0.mata,composition,582,219
../benchmarks/non-incremental-QF_SLIA-20230403-webapp/composition/pair/non-incremental-QF_SLIA-20230403-webapp-str-rep-all-str_replace_all0-smt2_0.mata,composition,831,339
../benchmarks/non-incremental-QF_SLIA-20230403-webapp/composition/pair/non-incremental-QF_SLIA-20230403-webapp-str-rep-all-str_replace_all0-smt2_0.mata,composition,828,312
../benchmarks/non-incremental-QF_SLIA-20230403-webapp/composition/pair/non-incremental-QF_SLIA-20230403-webapp-str-rep-all-str_replace_all0-smt2_0.mata,composition,904,291
../benchmarks/non-incremental-QF_SLIA-20230403-webapp/composition/pair/non-incremental-QF_SLIA-20230403-webapp-str-rep-all-str_replace_all221-smt2_2.mata,composition,68807,3084
../benchmarks/non-incremental-QF_SLIA-20230403-webapp/composition/pair/non-incremental-QF_SLIA-20230403-webapp-str-rep-all-str_replace_all221-smt2_2.mata,composition,69737,2752
../benchmarks/non-incremental-QF_SLIA-20230403-webapp/composition/pair/non-incremental-QF_SLIA-20230403-webapp-str-rep-all-str_replace_all221-smt2_2.mata,composition,78762,2832
../benchmarks/non-incremental-QF_SLIA-20230403-webapp/composition/pair/non-incremental-QF_SLIA-20230403-webapp-lan-rep-all-lan_replace_all26-smt2_1.mata,composition,119784,4471
../benchmarks/non-incremental-QF_SLIA-20230403-webapp/composition/pair/non-incremental-QF_SLIA-20230403-webapp-lan-rep-all-lan_replace_all26-smt2_1.mata,composition,125336,4479
../benchmarks/non-incremental-QF_SLIA-20230403-webapp/composition/pair/non-incremental-QF_SLIA-20230403-webapp-lan-rep-all-lan_replace_all26-smt2_1.mata,composition,120693,5058
../benchmarks/non-incremental-QF_SLIA-20230403-webapp/composition/pair/non-incremental-QF_SLIA-20230403-webapp-str-rep-all-str_replace_all24-smt2_0.mata,composition,24616,1058
../benchmarks/non-incremental-QF_SLIA-20230403-webapp/composition/pair/non-incremental-QF_SLIA-20230403-webapp-str-rep-all-str_replace_all24-smt2_0.mata,composition,21610,1102
../benchmarks/non-incremental-QF_SLIA-20230403-webapp/composition/pair/non-incremental-QF_SLIA-20230403-webapp-str-rep-all-str_replace_all24-smt2_0.mata,composition,21051,1076
../benchmarks/non-incremental-QF_SLIA-20230403-webapp/composition/pair/non-incremental-QF_SLIA-20230403-webapp-str-rep-all-str_replace_all25-smt2_0.mata,composition,18483,1091
../benchmarks/non-incremental-QF_SLIA-20230403-webapp/composition/pair/non-incremental-QF_SLIA-20230403-webapp-str-rep-all-str_replace_all25-smt2_0.mata,composition,18687,1095
../benchmarks/non-incremental-QF_SLIA-20230403-webapp/composition/pair/non-incremental-QF_SLIA-20230403-webapp-str-rep-all-str_replace_all25-smt2_0.mata,composition,18810,1100
../benchmarks/non-incremental-QF_SLIA-20230403-webapp/composition/pair/non-incremental-QF_SLIA-20230403-webapp-str-rep-all-str_replace_all230-smt2_2.mata,composition,638,195
../benchmarks/non-incremental-QF_SLIA-20230403-webapp/composition/pair/non-incremental-QF_SLIA-20230403-webapp-str-rep-all-str_replace_all230-smt2_2.mata,composition,661,192
../benchmarks/non-incremental-QF_SLIA-20230403-webapp/composition/pair/non-incremental-QF_SLIA-20230403-webapp-str-rep-all-str_replace_all230-smt2_2.mata,composition,670,197
../benchmarks/non-incremental-QF_SLIA-20230403-webapp/composition/pair/non-incremental-QF_SLIA-20230403-webapp-str-rep-str_replace23-smt2_0.mata,composition,35964,1269
../benchmarks/non-incremental-QF_SLIA-20230403-webapp/composition/pair/non-incremental-QF_SLIA-20230403-webapp-str-rep-str_replace23-smt2_0.mata,composition,37150,1295
../benchmarks/non-incremental-QF_SLIA-20230403-webapp/composition/pair/non-incremental-QF_SLIA-20230403-webapp-str-rep-str_replace23-smt2_0.mata,composition,39853,1471
../benchmarks/non-incremental-QF_SLIA-20230403-webapp/composition/pair/non-incremental-QF_SLIA-20230403-webapp-lan-rep-all-lan_replace_all11-smt2_1.mata,composition,32741,1959
../benchmarks/non-incremental-QF_SLIA-20230403-webapp/composition/pair/non-incremental-QF_SLIA-20230403-webapp-lan-rep-all-lan_replace_all11-smt2_1.mata,composition,30379,1218
../benchmarks/non-incremental-QF_SLIA-20230403-webapp/composition/pair/non-incremental-QF_SLIA-20230403-webapp-lan-rep-all-lan_replace_all11-smt2_1.mata,composition,26257,1314
../benchmarks/non-incremental-QF_SLIA-20230403-webapp/composition/pair/non-incremental-QF_SLIA-20230403-webapp-str-rep-str_replace22-smt2_0.mata,composition,18591,1050
../benchmarks/non-incremental-QF_SLIA-20230403-webapp/composition/pair/non-incremental-QF_SLIA-20230403-webapp-str-rep-str_replace22-smt2_0.mata,composition,25442,893
../benchmarks/non-incremental-QF_SLIA-20230403-webapp/composition/pair/non-incremental-QF_SLIA-20230403-webapp-str-rep-str_replace22-smt2_0.mata,composition,16277,890
../benchmarks/non-incremental-QF_SLIA-20230403-webapp/composition/pair/non-incremental-QF_SLIA-20230403-webapp-lan-rep-lan_replace63-smt2_0.mata,composition,194519,5414
../benchmarks/non-incremental-QF_SLIA-20230403-webapp/composition/pair/non-incremental-QF_SLIA-20230403-webapp-lan-rep-lan_replace63-smt2_0.mata,composition,192964,5254
../benchmarks/non-incremental-QF_SLIA-20230403-webapp/composition/pair/non-incremental-QF_SLIA-20230403-webapp-lan-rep-lan_replace63-smt2_0.mata,composition,194958,5639
../benchmarks/non-incremental-QF_SLIA-20230403-webapp/composition/pair/non-incremental-QF_SLIA-20230403-webapp-str-rep-str_replace24-smt2_0.mata,composition,25889,1563
../benchmarks/non-incremental-QF_SLIA-20230403-webapp/composition/pair/non-incremental-QF_SLIA-20230403-webapp-str-rep-str_replace24-smt2_0.mata,composition,29077,1845
../benchmarks/non-incremental-QF_SLIA-20230403-webapp/composition/pair/non-incremental-QF_SLIA-20230403-webapp-str-rep-str_replace24-smt2_0.mata,composition,25670,2163
../benchmarks/non-incremental-QF_SLIA-20230403-webapp/composition/pair/non-incremental-QF_SLIA-20230403-webapp-str-rep-str_replace221-smt2_3.mata,composition,6471220,62275
../benchmarks/non-incremental-QF_SLIA-20230403-webapp/composition/pair/non-incremental-QF_SLIA-20230403-webapp-str-rep-str_replace221-smt2_3.mata,composition,6418136,55449
../benchmarks/non-incremental-QF_SLIA-20230403-webapp/composition/pair/non-incremental-QF_SLIA-20230403-webapp-str-rep-str_replace221-smt2_3.mata,composition,6491470,77764
../benchmarks/non-incremental-QF_SLIA-20230403-webapp/composition/pair/non-incremental-QF_SLIA-20230403-webapp-lan-rep-lan_replace35-smt2_1.mata,composition,72999,3148
../benchmarks/non-incremental-QF_SLIA-20230403-webapp/composition/pair/non-incremental-QF_SLIA-20230403-webapp-lan-rep-lan_replace35-smt2_1.mata,composition,73067,2904
../benchmarks/non-incremental-QF_SLIA-20230403-webapp/composition/pair/non-incremental-QF_SLIA-20230403-webapp-lan-rep-lan_replace35-smt2_1.mata,composition,80333,2851
../benchmarks/non-incremental-QF_SLIA-20230403-webapp/composition/pair/non-incremental-QF_SLIA-20230403-webapp-str-rep-all-str_replace_all18-smt2_2.mata,composition,676,191
../benchmarks/non-incremental-QF_SLIA-20230403-webapp/composition/pair/non-incremental-QF_SLIA-20230403-webapp-str-rep-all-str_replace_all18-smt2_2.mata,composition,683,219
../benchmarks/non-incremental-QF_SLIA-20230403-webapp/composition/pair/non-incremental-QF_SLIA-20230403-webapp-str-rep-all-str_replace_all18-smt2_2.mata,composition,666,199
../benchmarks/non-incremental-QF_SLIA-20230403-webapp/composition/pair/non-incremental-QF_SLIA-20230403-webapp-lan-rep-lan_replace35-smt2_3.mata,composition,5464778,56555
../benchmarks/non-incremental-QF_SLIA-20230403-webapp/composition/pair/non-incremental-QF_SLIA-20230403-webapp-lan-rep-lan_replace35-smt2_3.mata,composition,5664863,50761
../benchmarks/non-incremental-QF_SLIA-20230403-webapp/composition/pair/non-incremental-QF_SLIA-20230403-webapp-lan-rep-lan_replace35-smt2_3.mata,composition,5509386,82736
../benchmarks/non-incremental-QF_SLIA-20230403-webapp/composition/pair/non-incremental-QF_SLIA-20230403-webapp-lan-rep-lan_replace11-smt2_3.mata,composition,2238656,1193546
../benchmarks/non-incremental-QF_SLIA-20230403-webapp/composition/pair/non-incremental-QF_SLIA-20230403-webapp-lan-rep-lan_replace11-smt2_3.mata,composition,2250941,1427417
../benchmarks/non-incremental-QF_SLIA-20230403-webapp/composition/pair/non-incremental-QF_SLIA-20230403-webapp-lan-rep-lan_replace11-smt2_3.mata,composition,2274880,1493395
../benchmarks/non-incremental-QF_SLIA-20230403-webapp/composition/pair/non-incremental-QF_SLIA-20230403-webapp-lan-rep-lan_replace80-smt2_0.mata,composition,9317,460
../benchmarks/non-incremental-QF_SLIA-20230403-webapp/composition/pair/non-incremental-QF_SLIA-20230403-webapp-lan-rep-lan_replace80-smt2_0.mata,composition,10050,572
../benchmarks/non-incremental-QF_SLIA-20230403-webapp/composition/pair/non-incremental-QF_SLIA-20230403-webapp-lan-rep-lan_replace80-smt2_0.mata,composition,10326,478
../benchmarks/non-incremental-QF_SLIA-20230403-webapp/composition/pair/non-incremental-QF_SLIA-20230403-webapp-str-rep-all-str_replace_all12-smt2_2.mata,composition,1055,291
../benchmarks/non-incremental-QF_SLIA-20230403-webapp/composition/pair/non-incremental-QF_SLIA-20230403-webapp-str-rep-all-str_replace_all12-smt2_2.mata,composition,1143,304
../benchmarks/non-incremental-QF_SLIA-20230403-webapp/composition/pair/non-incremental-QF_SLIA-20230403-webapp-str-rep-all-str_replace_all12-smt2_2.mata,composition,1052,339
../benchmarks/non-incremental-QF_SLIA-20230403-webapp/composition/pair/non-incremental-QF_SLIA-20230403-webapp-lan-rep-all-lan_replace_all35-smt2_0.mata,composition,73441,2477
../benchmarks/non-incremental-QF_SLIA-20230403-webapp/composition/pair/non-incremental-QF_SLIA-20230403-webapp-lan-rep-all-lan_replace_all35-smt2_0.mata,composition,65969,2458
../benchmarks/non-incremental-QF_SLIA-20230403-webapp/composition/pair/non-incremental-QF_SLIA-20230403-webapp-lan-rep-all-lan_replace_all35-smt2_0.mata,composition,67527,2480
../benchmarks/non-incremental-QF_SLIA-20230403-webapp/composition/pair/non-incremental-QF_SLIA-20230403-webapp-lan-rep-all-lan_replace_all35-smt2_1.mata,composition,64780,2944
../benchmarks/non-incremental-QF_SLIA-20230403-webapp/composition/pair/non-incremental-QF_SLIA-20230403-webapp-lan-rep-all-lan_replace_all35-smt2_1.mata,composition,73939,2544
../benchmarks/non-incremental-QF_SLIA-20230403-webapp/composition/pair/non-incremental-QF_SLIA-20230403-webapp-lan-rep-all-lan_replace_all35-smt2_1.mata,composition,64979,2390
../benchmarks/non-incremental-QF_SLIA-20230403-webapp/composition/pair/non-incremental-QF_SLIA-20230403-webapp-str-rep-all-str_replace_all0-smt2_2.mata,composition,886,285
../benchmarks/non-incremental-QF_SLIA-20230403-webapp/composition/pair/non-incremental-QF_SLIA-20230403-webapp-str-rep-all-str_replace_all0-smt2_2.mata,composition,835,289
../benchmarks/non-incremental-QF_SLIA-20230403-webapp/composition/pair/non-incremental-QF_SLIA-20230403-webapp-str-rep-all-str_replace_all0-smt2_2.mata,composition,806,296
../benchmarks/non-incremental-QF_SLIA-20230403-webapp/composition/pair/non-incremental-QF_SLIA-20230403-webapp-lan-rep-all-lan_replace_all63-smt2_1.mata,composition,150143,6539
../benchmarks/non-incremental-QF_SLIA-20230403-webapp/composition/pair/non-incremental-QF_SLIA-20230403-webapp-lan-rep-all-lan_replace_all63-smt2_1.mata,composition,151229,6226
../benchmarks/non-incremental-QF_SLIA-20230403-webapp/composition/pair/non-incremental-QF_SLIA-20230403-webapp-lan-rep-all-lan_replace_all63-smt2_1.mata,composition,148678,6202
../benchmarks/non-incremental-QF_SLIA-20230403-webapp/composition/pair/non-incremental-QF_SLIA-20230403-webapp-lan-rep-all-lan_replace_all80-smt2_3.mata,composition,349854,3491
../benchmarks/non-incremental-QF_SLIA-20230403-webapp/composition/pair/non-incremental-QF_SLIA-20230403-webapp-lan-rep-all-lan_replace_all80-smt2_3.mata,composition,340806,3225
../benchmarks/non-incremental-QF_SLIA-20230403-webapp/composition/pair/non-incremental-QF_SLIA-20230403-webapp-lan-rep-all-lan_replace_all80-smt2_3.mata,composition,419556,3454
../benchmarks/non-incremental-QF_SLIA-20230403-webapp/composition/pair/non-incremental-QF_SLIA-20230403-webapp-str-rep-all-str_replace_all18-smt2_1.mata,composition,778,198
../benchmarks/non-incremental-QF_SLIA-20230403-webapp/composition/pair/non-incremental-QF_SLIA-20230403-webapp-str-rep-all-str_replace_all18-smt2_1.mata,composition,714,210
../benchmarks/non-incremental-QF_SLIA-20230403-webapp/composition/pair/non-incremental-QF_SLIA-20230403-webapp-str-rep-all-str_replace_all18-smt2_1.mata,composition,692,197
../benchmarks/non-incremental-QF_SLIA-20230403-webapp/composition/pair/non-incremental-QF_SLIA-20230403-webapp-str-rep-str_replace221-smt2_2.mata,composition,88867,2780
../benchmarks/non-incremental-QF_SLIA-20230403-webapp/composition/pair/non-incremental-QF_SLIA-20230403-webapp-str-rep-str_replace221-smt2_2.mata,composition,87527,2767
../benchmarks/non-incremental-QF_SLIA-20230403-webapp/composition/pair/non-incremental-QF_SLIA-20230403-webapp-str-rep-str_replace221-smt2_2.mata,composition,88257,2844
../benchmarks/non-incremental-QF_SLIA-20230403-webapp/composition/pair/non-incremental-QF_SLIA-20230403-webapp-lan-rep-lan_replace54-smt2_2.mata,composition,35406,1361
../benchmarks/non-incremental-QF_SLIA-20230403-webapp/composition/pair/non-incremental-QF_SLIA-20230403-webapp-lan-rep-lan_replace54-smt2_2.mata,composition,35174,1432
../benchmarks/non-incremental-QF_SLIA-20230403-webapp/composition/pair/non-incremental-QF_SLIA-20230403-webapp-lan-rep-lan_replace54-smt2_2.mata,composition,35048,1289
../benchmarks/non-incremental-QF_SLIA-20230403-webapp/composition/pair/non-incremental-QF_SLIA-20230403-webapp-lan-rep-all-lan_replace_all80-smt2_2.mata,composition,7712,462
../benchmarks/non-incremental-QF_SLIA-20230403-webapp/composition/pair/non-incremental-QF_SLIA-20230403-webapp-lan-rep-all-lan_replace_all80-smt2_2.mata,composition,7713,453
../benchmarks/non-incremental-QF_SLIA-20230403-webapp/composition/pair/non-incremental-QF_SLIA-20230403-webapp-lan-rep-all-lan_replace_all80-smt2_2.mata,composition,7754,440
../benchmarks/non-incremental-QF_SLIA-20230403-webapp/composition/pair/non-incremental-QF_SLIA-20230403-webapp-lan-rep-lan_replace54-smt2_3.mata,composition,2284723,26224
../benchmarks/non-incremental-QF_SLIA-20230403-webapp/composition/pair/non-incremental-QF_SLIA-20230403-webapp-lan-rep-lan_replace54-smt2_3.mata,composition,2441300,25521
../benchmarks/non-incremental-QF_SLIA-20230403-webapp/composition/pair/non-incremental-QF_SLIA-20230403-webapp-lan-rep-lan_replace54-smt2_3.mata,composition,2255297,23450
../benchmarks/non-incremental-QF_SLIA-20230403-webapp/composition/pair/non-incremental-QF_SLIA-20230403-webapp-lan-rep-all-lan_replace_all54-smt2_0.mata,composition,29968,1241
../benchmarks/non-incremental-QF_SLIA-20230403-webapp/composition/pair/non-incremental-QF_SLIA-20230403-webapp-lan-rep-all-lan_replace_all54-smt2_0.mata,composition,31362,1192
../benchmarks/non-incremental-QF_SLIA-20230403-webapp/composition/pair/non-incremental-QF_SLIA-20230403-webapp-lan-rep-all-lan_replace_all54-smt2_0.mata,composition,29226,1166
../benchmarks/non-incremental-QF_SLIA-20230403-webapp/composition/pair/non-incremental-QF_SLIA-20230403-webapp-str-rep-all-str_replace_all0-smt2_3.mata,composition,901,495
../benchmarks/non-incremental-QF_SLIA-20230403-webapp/composition/pair/non-incremental-QF_SLIA-20230403-webapp-str-rep-all-str_replace_all0-smt2_3.mata,composition,915,418
../benchmarks/non-incremental-QF_SLIA-20230403-webapp/composition/pair/non-incremental-QF_SLIA-20230403-webapp-str-rep-all-str_replace_all0-smt2_3.mata,composition,933,414
../benchmarks/non-incremental-QF_SLIA-20230403-webapp/composition/pair/non-incremental-QF_SLIA-20230403-webapp-str-rep-all-str_replace_all230-smt2_1.mata,composition,631,206
../benchmarks/non-incremental-QF_SLIA-20230403-webapp/composition/pair/non-incremental-QF_SLIA-20230403-webapp-str-rep-all-str_replace_all230-smt2_1.mata,composition,632,195
../benchmarks/non-incremental-QF_SLIA-20230403-webapp/composition/pair/non-incremental-QF_SLIA-20230403-webapp-str-rep-all-str_replace_all230-smt2_1.mata,composition,639,193
../benchmarks/non-incremental-QF_SLIA-20230403-webapp/composition/pair/non-incremental-QF_SLIA-20230403-webapp-str-rep-all-str_replace_all6-smt2_3.mata,composition,731,289
../benchmarks/non-incremental-QF_SLIA-20230403-webapp/composition/pair/non-incremental-QF_SLIA-20230403-webapp-str-rep-all-str_replace_all6-smt2_3.mata,composition,633,278
../benchmarks/non-incremental-QF_SLIA-20230403-webapp/composition/pair/non-incremental-QF_SLIA-20230403-webapp-str-rep-all-str_replace_all6-smt2_3.mata,composition,636,287
../benchmarks/non-incremental-QF_SLIA-20230403-webapp/composition/pair/non-incremental-QF_SLIA-20230403-webapp-lan-rep-lan_replace11-smt2_1.mata,composition,33811,1312
../benchmarks/non-incremental-QF_SLIA-20230403-webapp/composition/pair/non-incremental-QF_SLIA-20230403-webapp-lan-rep-lan_replace11-smt2_1.mata,composition,33367,1331
../benchmarks/non-incremental-QF_SLIA-20230403-webapp/composition/pair/non-incremental-QF_SLIA-20230403-webapp-lan-rep-lan_replace11-smt2_1.mata,composition,37086,1256
../benchmarks/non-incremental-QF_SLIA-20230403-webapp/composition/pair/non-incremental-QF_SLIA-20230403-webapp-lan-rep-lan_replace80-smt2_reverse_3.mata,composition,464365,9476
../benchmarks/non-incremental-QF_SLIA-20230403-webapp/composition/pair/non-incremental-QF_SLIA-20230403-webapp-lan-rep-lan_replace80-smt2_reverse_3.mata,composition,443987,7879
../benchmarks/non-incremental-QF_SLIA-20230403-webapp/composition/pair/non-incremental-QF_SLIA-20230403-webapp-lan-rep-lan_replace80-smt2_reverse_3.mata,composition,486989,8119
../benchmarks/non-incremental-QF_SLIA-20230403-webapp/composition/pair/non-incremental-QF_SLIA-20230403-webapp-str-rep-all-str_replace_all230-smt2_0.mata,composition,639,216
../benchmarks/non-incremental-QF_SLIA-20230403-webapp/composition/pair/non-incremental-QF_SLIA-20230403-webapp-str-rep-all-str_replace_all230-smt2_0.mata,composition,745,220
../benchmarks/non-incremental-QF_SLIA-20230403-webapp/composition/pair/non-incremental-QF_SLIA-20230403-webapp-str-rep-all-str_replace_all230-smt2_0.mata,composition,711,225
../benchmarks/non-incremental-QF_SLIA-20230403-webapp/composition/pair/non-incremental-QF_SLIA-20230403-webapp-str-rep-all-str_replace_all216-smt2_2.mata,composition,910,337
../benchmarks/non-incremental-QF_SLIA-20230403-webapp/composition/pair/non-incremental-QF_SLIA-20230403-webapp-str-rep-all-str_replace_all216-smt2_2.mata,composition,863,355
../benchmarks/non-incremental-QF_SLIA-20230403-webapp/composition/pair/non-incremental-QF_SLIA-20230403-webapp-str-rep-all-str_replace_all216-smt2_2.mata,composition,1028,336
../benchmarks/non-incremental-QF_SLIA-20230403-webapp/composition/pair/non-incremental-QF_SLIA-20230403-webapp-lan-rep-lan_replace11-smt2_reverse_3.mata,composition,2351369,864390
../benchmarks/non-incremental-QF_SLIA-20230403-webapp/composition/pair/non-incremental-QF_SLIA-20230403-webapp-lan-rep-lan_replace11-smt2_reverse_3.mata,composition,2274631,832023
../benchmarks/non-incremental-QF_SLIA-20230403-webapp/composition/pair/non-incremental-QF_SLIA-20230403-webapp-lan-rep-lan_replace11-smt2_reverse_3.mata,composition,2342404,836511
../benchmarks/non-incremental-QF_SLIA-20230403-webapp/composition/pair/non-incremental-QF_SLIA-20230403-webapp-str-rep-all-str_replace_all223-smt2_0.mata,composition,1090,299
../benchmarks/non-incremental-QF_SLIA-20230403-webapp/composition/pair/non-incremental-QF_SLIA-20230403-webapp-str-rep-all-str_replace_all223-smt2_0.mata,composition,1007,311
../benchmarks/non-incremental-QF_SLIA-20230403-webapp/composition/pair/non-incremental-QF_SLIA-20230403-webapp-str-rep-all-str_replace_all223-smt2_0.mata,composition,1023,324
../benchmarks/non-incremental-QF_SLIA-20230403-webapp/composition/pair/non-incremental-QF_SLIA-20230403-webapp-lan-rep-all-lan_replace_all54-smt2_reverse_3.mata,composition,1818566,11201
../benchmarks/non-incremental-QF_SLIA-20230403-webapp/composition/pair/non-incremental-QF_SLIA-20230403-webapp-lan-rep-all-lan_replace_all54-smt2_reverse_3.mata,composition,1781984,11110
../benchmarks/non-incremental-QF_SLIA-20230403-webapp/composition/pair/non-incremental-QF_SLIA-20230403-webapp-lan-rep-all-lan_replace_all54-smt2_reverse_3.mata,composition,1865485,10131
../benchmarks/non-incremental-QF_SLIA-20230403-webapp/composition/pair/non-incremental-QF_SLIA-20230403-webapp-lan-rep-lan_replace26-smt2_0.mata,composition,158773,5316
../benchmarks/non-incremental-QF_SLIA-20230403-webapp/composition/pair/non-incremental-QF_SLIA-20230403-webapp-lan-rep-lan_replace26-smt2_0.mata,composition,162119,6826
../benchmarks/non-incremental-QF_SLIA-20230403-webapp/composition/pair/non-incremental-QF_SLIA-20230403-webapp-lan-rep-lan_replace26-smt2_0.mata,composition,158707,5972
../benchmarks/non-incremental-QF_SLIA-20230403-webapp/composition/pair/non-incremental-QF_SLIA-20230403-webapp-lan-rep-lan_replace80-smt2_2.mata,composition,9846,578
../benchmarks/non-incremental-QF_SLIA-20230403-webapp/composition/pair/non-incremental-QF_SLIA-20230403-webapp-lan-rep-lan_replace80-smt2_2.mata,composition,9750,536
../benchmarks/non-incremental-QF_SLIA-20230403-webapp/composition/pair/non-incremental-QF_SLIA-20230403-webapp-lan-rep-lan_replace80-smt2_2.mata,composition,9929,476
../benchmarks/non-incremental-QF_SLIA-20230403-webapp/composition/pair/non-incremental-QF_SLIA-20230403-webapp-lan-rep-lan_replace35-smt2_0.mata,composition,78948,3158
../benchmarks/non-incremental-QF_SLIA-20230403-webapp/composition/pair/non-incremental-QF_SLIA-20230403-webapp-lan-rep-lan_replace35-smt2_0.mata,composition,76485,2630
../benchmarks/non-incremental-QF_SLIA-20230403-webapp/composition/pair/non-incremental-QF_SLIA-20230403-webapp-lan-rep-lan_replace35-smt2_0.mata,composition,78603,2697
../benchmarks/non-incremental-QF_SLIA-20230403-webapp/composition/pair/non-incremental-QF_SLIA-20230403-webapp-lan-rep-all-lan_replace_all35-smt2_2.mata,composition,61813,2473
../benchmarks/non-incremental-QF_SLIA-20230403-webapp/composition/pair/non-incremental-QF_SLIA-20230403-webapp-lan-rep-all-lan_replace_all35-smt2_2.mata,composition,62101,3042
../benchmarks/non-incremental-QF_SLIA-20230403-webapp/composition/pair/non-incremental-QF_SLIA-20230403-webapp-lan-rep-all-lan_replace_all35-smt2_2.mata,composition,60535,2585
../benchmarks/non-incremental-QF_SLIA-20230403-webapp/composition/pair/non-incremental-QF_SLIA-20230403-webapp-lan-rep-lan_replace54-smt2_reverse_3.mata,composition,2317125,28488
../benchmarks/non-incremental-QF_SLIA-20230403-webapp/composition/pair/non-incremental-QF_SLIA-20230403-webapp-lan-rep-lan_replace54-smt2_reverse_3.mata,composition,2088385,15193
../benchmarks/non-incremental-QF_SLIA-20230403-webapp/composition/pair/non-incremental-QF_SLIA-20230403-webapp-lan-rep-lan_replace54-smt2_reverse_3.mata,composition,1482395,15253
../benchmarks/non-incremental-QF_SLIA-20230403-webapp/composition/pair/non-incremental-QF_SLIA-20230403-webapp-str-rep-all-str_replace_all221-smt2_1.mata,composition,45092,1866
../benchmarks/non-incremental-QF_SLIA-20230403-webapp/composition/pair/non-incremental-QF_SLIA-20230403-webapp-str-rep-all-str_replace_all221-smt2_1.mata,composition,48140,1843
../benchmarks/non-incremental-QF_SLIA-20230403-webapp/composition/pair/non-incremental-QF_SLIA-20230403-webapp-str-rep-all-str_replace_all221-smt2_1.mata,composition,47589,1834
../benchmarks/non-incremental-QF_SLIA-20230403-webapp/composition/pair/non-incremental-QF_SLIA-20230403-webapp-lan-rep-lan_replace101-smt2_2.mata,composition,29660,857
../benchmarks/non-incremental-QF_SLIA-20230403-webapp/composition/pair/non-incremental-QF_SLIA-20230403-webapp-lan-rep-lan_replace101-smt2_2.mata,composition,30075,1315
../benchmarks/non-incremental-QF_SLIA-20230403-webapp/composition/pair/non-incremental-QF_SLIA-20230403-webapp-lan-rep-lan_replace101-smt2_2.mata,composition,34296,1277
../benchmarks/non-incremental-QF_SLIA-20230403-webapp/composition/pair/non-incremental-QF_SLIA-20230403-webapp-lan-rep-lan_replace26-smt2_3.mata,composition,12322016
../benchmarks/non-incremental-QF_SLIA-20230403-webapp/composition/pair/non-incremental-QF_SLIA-20230403-webapp-lan-rep-lan_replace26-smt2_3.mata,composition,12297622
../benchmarks/non-incremental-QF_SLIA-20230403-webapp/composition/pair/non-incremental-QF_SLIA-20230403-webapp-lan-rep-lan_replace26-smt2_3.mata,composition,12079878
../benchmarks/non-incremental-QF_SLIA-20230403-webapp/composition/pair/non-incremental-QF_SLIA-20230403-webapp-str-rep-all-str_replace_all221-smt2_3.mata,composition,5326194,37666
../benchmarks/non-incremental-QF_SLIA-20230403-webapp/composition/pair/non-incremental-QF_SLIA-20230403-webapp-str-rep-all-str_replace_all221-smt2_3.mata,composition,5383309,35182
../benchmarks/non-incremental-QF_SLIA-20230403-webapp/composition/pair/non-incremental-QF_SLIA-20230403-webapp-str-rep-all-str_replace_all221-smt2_3.mata,composition,5368185,26360
../benchmarks/non-incremental-QF_SLIA-20230403-webapp/composition/pair/non-incremental-QF_SLIA-20230403-webapp-lan-rep-all-lan_replace_all63-smt2_2.mata,composition,159383,5891
../benchmarks/non-incremental-QF_SLIA-20230403-webapp/composition/pair/non-incremental-QF_SLIA-20230403-webapp-lan-rep-all-lan_replace_all63-smt2_2.mata,composition,163282,6454
../benchmarks/non-incremental-QF_SLIA-20230403-webapp/composition/pair/non-incremental-QF_SLIA-20230403-webapp-lan-rep-all-lan_replace_all63-smt2_2.mata,composition,163770,7032
../benchmarks/non-incremental-QF_SLIA-20230403-webapp/composition/pair/non-incremental-QF_SLIA-20230403-webapp-lan-rep-all-lan_replace_all80-smt2_reverse_3.mata,composition,375481,3754
../benchmarks/non-incremental-QF_SLIA-20230403-webapp/composition/pair/non-incremental-QF_SLIA-20230403-webapp-lan-rep-all-lan_replace_all80-smt2_reverse_3.mata,composition,364033,4072
../benchmarks/non-incremental-QF_SLIA-20230403-webapp/composition/pair/non-incremental-QF_SLIA-20230403-webapp-lan-rep-all-lan_replace_all80-smt2_reverse_3.mata,composition,362521,3564
../benchmarks/non-incremental-QF_SLIA-20230403-webapp/composition/pair/non-incremental-QF_SLIA-20230403-webapp-lan-rep-all-lan_replace_all77-smt2_reverse_3.mata,composition,167233,3015
../benchmarks/non-incremental-QF_SLIA-20230403-webapp/composition/pair/non-incremental-QF_SLIA-20230403-webapp-lan-rep-all-lan_replace_all77-smt2_reverse_3.mata,composition,166216,2880
../benchmarks/non-incremental-QF_SLIA-20230403-webapp/composition/pair/non-incremental-QF_SLIA-20230403-webapp-lan-rep-all-lan_replace_all77-smt2_reverse_3.mata,composition,169968,2615
../benchmarks/non-incremental-QF_SLIA-20230403-webapp/composition/pair/non-incremental-QF_SLIA-20230403-webapp-str-rep-all-str_replace_all18-smt2_3.mata,composition,831,350
../benchmarks/non-incremental-QF_SLIA-20230403-webapp/composition/pair/non-incremental-QF_SLIA-20230403-webapp-str-rep-all-str_replace_all18-smt2_3.mata,composition,767,362
../benchmarks/non-incremental-QF_SLIA-20230403-webapp/composition/pair/non-incremental-QF_SLIA-20230403-webapp-str-rep-all-str_replace_all18-smt2_3.mata,composition,793,318
../benchmarks/non-incremental-QF_SLIA-20230403-webapp/composition/pair/non-incremental-QF_SLIA-20230403-webapp-lan-rep-all-lan_replace_all80-smt2_1.mata,composition,7609,433
../benchmarks/non-incremental-QF_SLIA-20230403-webapp/composition/pair/non-incremental-QF_SLIA-20230403-webapp-lan-rep-all-lan_replace_all80-smt2_1.mata,composition,7735,414
../benchmarks/non-incremental-QF_SLIA-20230403-webapp/composition/pair/non-incremental-QF_SLIA-20230403-webapp-lan-rep-all-lan_replace_all80-smt2_1.mata,composition,7683,477
../benchmarks/non-incremental-QF_SLIA-20230403-webapp/composition/pair/non-incremental-QF_SLIA-20230403-webapp-str-rep-all-str_replace_all143-smt2_2.mata,composition,597,275
../benchmarks/non-incremental-QF_SLIA-20230403-webapp/composition/pair/non-incremental-QF_SLIA-20230403-webapp-str-rep-all-str_replace_all143-smt2_2.mata,composition,603,247
../benchmarks/non-incremental-QF_SLIA-20230403-webapp/composition/pair/non-incremental-QF_SLIA-20230403-webapp-str-rep-all-str_replace_all143-smt2_2.mata,composition,605,237
../benchmarks/non-incremental-QF_SLIA-20230403-webapp/composition/pair/non-incremental-QF_SLIA-20230403-webapp-lan-rep-all-lan_replace_all77-smt2_3.mata,composition,152780,2536
../benchmarks/non-incremental-QF_SLIA-20230403-webapp/composition/pair/non-incremental-QF_SLIA-20230403-webapp-lan-rep-all-lan_replace_all77-smt2_3.mata,composition,148613,2780
../benchmarks/non-incremental-QF_SLIA-20230403-webapp/composition/pair/non-incremental-QF_SLIA-20230403-webapp-lan-rep-all-lan_replace_all77-smt2_3.mata,composition,151708,2592
../benchmarks/non-incremental-QF_SLIA-20230403-webapp/composition/pair/non-incremental-QF_SLIA-20230403-webapp-str-rep-all-str_replace_all221-smt2_reverse_3.mata,composition,5311994,37222
../benchmarks/non-incremental-QF_SLIA-20230403-webapp/composition/pair/non-incremental-QF_SLIA-20230403-webapp-str-rep-all-str_replace_all221-smt2_reverse_3.mata,composition,5291452,44982
../benchmarks/non-incremental-QF_SLIA-20230403-webapp/composition/pair/non-incremental-QF_SLIA-20230403-webapp-str-rep-all-str_replace_all221-smt2_reverse_3.mata,composition,5281228,32373
../benchmarks/non-incremental-QF_SLIA-20230403-webapp/composition/pair/non-incremental-QF_SLIA-20230403-webapp-lan-rep-lan_replace77-smt2_0.mata,composition,5233,395
../benchmarks/non-incremental-QF_SLIA-20230403-webapp/composition/pair/non-incremental-QF_SLIA-20230403-webapp-lan-rep-lan_replace77-smt2_0.mata,composition,5307,384
../benchmarks/non-incremental-QF_SLIA-20230403-webapp/composition/pair/non-incremental-QF_SLIA-20230403-webapp-lan-rep-lan_replace77-smt2_0.mata,composition,5412,345
../benchmarks/non-incremental-QF_SLIA-20230403-webapp/composition/pair/non-incremental-QF_SLIA-20230403-webapp-lan-rep-lan_replace35-smt2_2.mata,composition,76409,2628
../benchmarks/non-incremental-QF_SLIA-20230403-webapp/composition/pair/non-incremental-QF_SLIA-20230403-webapp-lan-rep-lan_replace35-smt2_2.mata,composition,78909,2939
../benchmarks/non-incremental-QF_SLIA-20230403-webapp/composition/pair/non-incremental-QF_SLIA-20230403-webapp-lan-rep-lan_replace35-smt2_2.mata,composition,77506,3018
../benchmarks/non-incremental-QF_SLIA-20230403-webapp/composition/pair/non-incremental-QF_SLIA-20230403-webapp-str-rep-all-str_replace_all216-smt2_3.mata,composition,899,430
../benchmarks/non-incremental-QF_SLIA-20230403-webapp/composition/pair/non-incremental-QF_SLIA-20230403-webapp-str-rep-all-str_replace_all216-smt2_3.mata,composition,860,387
../benchmarks/non-incremental-QF_SLIA-20230403-webapp/composition/pair/non-incremental-QF_SLIA-20230403-webapp-str-rep-all-str_replace_all216-smt2_3.mata,composition,1010,429
../benchmarks/non-incremental-QF_SLIA-20230403-webapp/composition/pair/non-incremental-QF_SLIA-20230403-webapp-str-rep-str_replace221-smt2_1.mata,composition,89689,2902
../benchmarks/non-incremental-QF_SLIA-20230403-webapp/composition/pair/non-incremental-QF_SLIA-20230403-webapp-str-rep-str_replace221-smt2_1.mata,composition,88113,2924
../benchmarks/non-incremental-QF_SLIA-20230403-webapp/composition/pair/non-incremental-QF_SLIA-20230403-webapp-str-rep-str_replace221-smt2_1.mata,composition,87898,4366
../benchmarks/non-incremental-QF_SLIA-20230403-webapp/composition/pair/non-incremental-QF_SLIA-20230403-webapp-str-rep-all-str_replace_all6-smt2_2.mata,composition,719,207
../benchmarks/non-incremental-QF_SLIA-20230403-webapp/composition/pair/non-incremental-QF_SLIA-20230403-webapp-str-rep-all-str_replace_all6-smt2_2.mata,composition,654,284
../benchmarks/non-incremental-QF_SLIA-20230403-webapp/composition/pair/non-incremental-QF_SLIA-20230403-webapp-str-rep-all-str_replace_all6-smt2_2.mata,composition,673,215
../benchmarks/non-incremental-QF_SLIA-20230403-webapp/composition/pair/non-incremental-QF_SLIA-20230403-webapp-str-rep-str_replace221-smt2_0.mata,composition,99474,2778
../benchmarks/non-incremental-QF_SLIA-20230403-webapp/composition/pair/non-incremental-QF_SLIA-20230403-webapp-str-rep-str_replace221-smt2_0.mata,composition,137706,3418
../benchmarks/non-incremental-QF_SLIA-20230403-webapp/composition/pair/non-incremental-QF_SLIA-20230403-webapp-str-rep-str_replace221-smt2_0.mata,composition,98557,2749
../benchmarks/non-incremental-QF_SLIA-20230403-webapp/composition/pair/non-incremental-QF_SLIA-20230403-webapp-str-rep-all-str_replace_all223-smt2_3.mata,composition,1171,445
../benchmarks/non-incremental-QF_SLIA-20230403-webapp/composition/pair/non-incremental-QF_SLIA-20230403-webapp-str-rep-all-str_replace_all223-smt2_3.mata,composition,1191,446
../benchmarks/non-incremental-QF_SLIA-20230403-webapp/composition/pair/non-incremental-QF_SLIA-20230403-webapp-str-rep-all-str_replace_all223-smt2_3.mata,composition,1128,450
../benchmarks/non-incremental-QF_SLIA-20230403-webapp/composition/pair/non-incremental-QF_SLIA-20230403-webapp-lan-rep-all-lan_replace_all63-smt2_0.mata,composition,156024,5228
../benchmarks/non-incremental-QF_SLIA-20230403-webapp/composition/pair/non-incremental-QF_SLIA-20230403-webapp-lan-rep-all-lan_replace_all63-smt2_0.mata,composition,147592,5141
../benchmarks/non-incremental-QF_SLIA-20230403-webapp/composition/pair/non-incremental-QF_SLIA-20230403-webapp-lan-rep-all-lan_replace_all63-smt2_0.mata,composition,117979,5292
../benchmarks/non-incremental-QF_SLIA-20230403-webapp/composition/pair/non-incremental-QF_SLIA-20230403-webapp-lan-rep-all-lan_replace_all101-smt2_0.mata,composition,25792,1178
../benchmarks/non-incremental-QF_SLIA-20230403-webapp/composition/pair/non-incremental-QF_SLIA-20230403-webapp-lan-rep-all-lan_replace_all101-smt2_0.mata,composition,26057,1304
../benchmarks/non-incremental-QF_SLIA-20230403-webapp/composition/pair/non-incremental-QF_SLIA-20230403-webapp-lan-rep-all-lan_replace_all101-smt2_0.mata,composition,25311,1100
../benchmarks/non-incremental-QF_SLIA-20230403-webapp/composition/pair/non-incremental-QF_SLIA-20230403-webapp-lan-rep-all-lan_replace_all54-smt2_1.mata,composition,26102,1420
../benchmarks/non-incremental-QF_SLIA-20230403-webapp/composition/pair/non-incremental-QF_SLIA-20230403-webapp-lan-rep-all-lan_replace_all54-smt2_1.mata,composition,27761,1470
../benchmarks/non-incremental-QF_SLIA-20230403-webapp/composition/pair/non-incremental-QF_SLIA-20230403-webapp-lan-rep-all-lan_replace_all54-smt2_1.mata,composition,27951,1461
../benchmarks/non-incremental-QF_SLIA-20230403-webapp/composition/pair/non-incremental-QF_SLIA-20230403-webapp-lan-rep-all-lan_replace_all101-smt2_1.mata,composition,24649,1189
../benchmarks/non-incremental-QF_SLIA-20230403-webapp/composition/pair/non-incremental-QF_SLIA-20230403-webapp-lan-rep-all-lan_replace_all101-smt2_1.mata,composition,26988,1202
../benchmarks/non-incremental-QF_SLIA-20230403-webapp/composition/pair/non-incremental-QF_SLIA-20230403-webapp-lan-rep-all-lan_replace_all101-smt2_1.mata,composition,25402,1177
../benchmarks/non-incremental-QF_SLIA-20230403-webapp/composition/pair/non-incremental-QF_SLIA-20230403-webapp-lan-rep-all-lan_replace_all54-smt2_2.mata,composition,30028,1364
../benchmarks/non-incremental-QF_SLIA-20230403-webapp/composition/pair/non-incremental-QF_SLIA-20230403-webapp-lan-rep-all-lan_replace_all54-smt2_2.mata,composition,31273,1336
../benchmarks/non-incremental-QF_SLIA-20230403-webapp/composition/pair/non-incremental-QF_SLIA-20230403-webapp-lan-rep-all-lan_replace_all54-smt2_2.mata,composition,29838,1288
../benchmarks/non-incremental-QF_SLIA-20230403-webapp/composition/pair/non-incremental-QF_SLIA-20230403-webapp-lan-rep-all-lan_replace_all11-smt2_0.mata,composition,29196,1192
../benchmarks/non-incremental-QF_SLIA-20230403-webapp/composition/pair/non-incremental-QF_SLIA-20230403-webapp-lan-rep-all-lan_replace_all11-smt2_0.mata,composition,29549,1237
../benchmarks/non-incremental-QF_SLIA-20230403-webapp/composition/pair/non-incremental-QF_SLIA-20230403-webapp-lan-rep-all-lan_replace_all11-smt2_0.mata,composition,30352,1146
../benchmarks/non-incremental-QF_SLIA-20230403-webapp/composition/pair/non-incremental-QF_SLIA-20230403-webapp-str-rep-all-str_replace_all12-smt2_1.mata,composition,1093,297
../benchmarks/non-incremental-QF_SLIA-20230403-webapp/composition/pair/non-incremental-QF_SLIA-20230403-webapp-str-rep-all-str_replace_all12-smt2_1.mata,composition,1126,295
../benchmarks/non-incremental-QF_SLIA-20230403-webapp/composition/pair/non-incremental-QF_SLIA-20230403-webapp-str-rep-all-str_replace_all12-smt2_1.mata,composition,1122,288
